CustomerID,Recency,Frequency,Monetary,Quantity,StockCode,Country,AverageOrderValue,TotalPurchases,Cluster,Segment
C10001,117,3,22885.809999999998,63,8,India,7628.603333333333,3,3,Champions
C10003,33,1,12061.04,10,3,United Kingdom,12061.04,1,0,Potential Loyalists
C10004,40,2,10579.97,16,5,United Kingdom,5289.985,2,0,Potential Loyalists
C10005,297,2,14154.57,17,7,Germany,7077.285,2,1,At-Risk Customers
C10006,31,3,27389.290000000005,27,8,India,9129.763333333334,3,3,Champions
C10007,74,4,18247.42,28,8,Netherlands,4561.855,4,3,Champions
C10008,8,3,15488.699999999999,29,7,United Kingdom,5162.9,3,0,Potential Loyalists
C10009,192,2,9138.4,13,6,United Kingdom,4569.2,2,1,At-Risk Customers
C10010,110,2,8610.83,19,3,United Kingdom,4305.415,2,1,At-Risk Customers
C10011,101,1,706.78,1,1,United Kingdom,706.78,1,2,Inactive / Lost
C10012,224,1,9485.27,14,6,United Kingdom,9485.27,1,1,At-Risk Customers
C10014,76,2,44386.66,68,12,United Kingdom,22193.33,2,3,Champions
C10015,24,3,27418.48,32,10,India,9139.493333333334,3,3,Champions
C10016,152,2,6347.87,4,3,United Kingdom,3173.935,2,1,At-Risk Customers
C10017,19,1,2901.65,7,3,United Kingdom,2901.65,1,0,Potential Loyalists
C10018,92,1,8604.92,5,2,India,8604.92,1,1,At-Risk Customers
C10021,131,2,15502.15,18,6,France,7751.075,2,1,At-Risk Customers
C10023,212,3,16624.32,41,9,United Kingdom,5541.44,3,3,Champions
C10025,136,3,15472.8,14,6,Australia,5157.599999999999,3,3,Champions
C10027,58,2,38387.14,26,3,United Kingdom,19193.57,2,3,Champions
C10028,4,5,21765.78,27,11,United Kingdom,4353.156,5,3,Champions
C10029,161,1,3399.69,13,2,EIRE,3399.69,1,2,Inactive / Lost
C10030,248,1,5671.55,13,5,India,5671.55,1,2,Inactive / Lost
C10031,285,1,35387.29,32,4,France,35387.29,1,1,At-Risk Customers
C10032,61,2,21031.96,39,6,Germany,10515.98,2,1,At-Risk Customers
C10033,16,1,3152.19,3,3,United Kingdom,3152.19,1,0,Potential Loyalists
C10035,226,2,11499.62,22,4,United Kingdom,5749.81,2,1,At-Risk Customers
C10036,303,1,14067.069999999998,18,4,United Kingdom,14067.069999999998,1,1,At-Risk Customers
C10038,40,1,3600.58,2,1,India,3600.58,1,2,Inactive / Lost
C10039,30,2,10287.849999999999,19,6,Netherlands,5143.924999999999,2,0,Potential Loyalists
C10041,57,2,10991.81,20,7,India,5495.905,2,1,At-Risk Customers
C10042,171,3,6080.18,9,5,United Kingdom,2026.7266666666667,3,1,At-Risk Customers
C10043,185,2,9670.71,12,7,United Kingdom,4835.355,2,1,At-Risk Customers
C10044,218,2,11581.619999999999,13,6,United Kingdom,5790.8099999999995,2,1,At-Risk Customers
C10045,184,3,11177.9,20,7,United Kingdom,3725.9666666666667,3,3,Champions
C10046,273,4,33107.76,46,9,United Kingdom,8276.94,4,3,Champions
C10047,192,2,9296.14,14,4,United Kingdom,4648.07,2,1,At-Risk Customers
C10048,303,1,24667.88,31,5,United Kingdom,24667.88,1,1,At-Risk Customers
C10049,286,1,13512.23,9,3,India,13512.23,1,1,At-Risk Customers
C10050,273,2,4796.66,7,3,United Kingdom,2398.33,2,1,At-Risk Customers
C10051,20,1,7838.55,12,5,United Kingdom,7838.55,1,0,Potential Loyalists
C10054,196,1,6096.74,7,3,Portugal,6096.74,1,1,At-Risk Customers
C10055,263,1,3144.7200000000003,7,2,India,3144.7200000000003,1,2,Inactive / Lost
C10056,167,2,4359.58,11,4,India,2179.79,2,1,At-Risk Customers
C10057,11,1,1581.78,3,1,United Kingdom,1581.78,1,0,Potential Loyalists
C10058,282,1,3577.16,2,1,Germany,3577.16,1,2,Inactive / Lost
C10059,105,2,13689.19,14,4,United Kingdom,6844.595,2,1,At-Risk Customers
C10060,249,1,13548.21,18,8,United Kingdom,13548.21,1,1,At-Risk Customers
C10061,270,1,7213.26,6,2,Canada,7213.26,1,1,At-Risk Customers
C10062,69,4,32858.71,59,10,India,8214.6775,4,3,Champions
C10063,182,3,27891.769999999997,40,10,United Kingdom,9297.256666666666,3,3,Champions
C10064,136,3,35659.37,43,11,India,11886.456666666667,3,3,Champions
C10066,11,2,30582.429999999997,16,4,France,15291.214999999998,2,0,Potential Loyalists
C10067,162,1,7914.46,13,2,United Kingdom,7914.46,1,1,At-Risk Customers
C10068,14,1,8119.380000000001,6,2,United Kingdom,8119.380000000001,1,0,Potential Loyalists
C10070,62,2,9674.630000000001,14,5,United Kingdom,4837.3150000000005,2,1,At-Risk Customers
C10071,74,1,6065.3,7,2,United Kingdom,6065.3,1,1,At-Risk Customers
C10072,96,1,3264.27,5,2,Portugal,3264.27,1,2,Inactive / Lost
C10073,328,1,2645.6,4,1,Netherlands,2645.6,1,2,Inactive / Lost
C10074,3,3,4900.28,10,4,United Kingdom,1633.4266666666665,3,0,Potential Loyalists
C10075,319,1,7622.620000000001,13,3,India,7622.620000000001,1,1,At-Risk Customers
C10076,112,1,9834.92,12,3,United Kingdom,9834.92,1,1,At-Risk Customers
C10077,52,3,17236.48,11,5,Spain,5745.493333333333,3,3,Champions
C10080,43,3,13147.76,17,6,United Kingdom,4382.586666666667,3,3,Champions
C10081,128,1,11131.09,21,4,United Kingdom,11131.09,1,1,At-Risk Customers
C10082,142,1,3934.63,5,2,United Kingdom,3934.63,1,2,Inactive / Lost
C10083,130,2,11108.77,14,5,India,5554.385,2,1,At-Risk Customers
C10084,30,3,11986.84,17,6,Netherlands,3995.6133333333332,3,3,Champions
C10086,17,2,5303.469999999999,7,3,United Kingdom,2651.7349999999997,2,0,Potential Loyalists
C10087,8,2,10036.68,12,6,Singapore,5018.34,2,0,Potential Loyalists
C10088,213,2,9070.11,56,4,United Kingdom,4535.055,2,1,At-Risk Customers
C10089,298,1,12381.25,17,8,United Kingdom,12381.25,1,1,At-Risk Customers
C10091,25,4,43040.799999999996,73,12,United Kingdom,10760.199999999999,4,3,Champions
C10092,27,1,2932.17,4,2,India,2932.17,1,0,Potential Loyalists
C10093,130,2,30079.25,34,10,France,15039.625,2,1,At-Risk Customers
C10094,223,2,23375.72,41,9,United Kingdom,11687.86,2,1,At-Risk Customers
C10095,37,2,3142.05,5,3,United Kingdom,1571.025,2,0,Potential Loyalists
C10097,147,1,8524.800000000001,6,2,Singapore,8524.800000000001,1,1,At-Risk Customers
C10098,126,2,1749.6399999999999,4,3,United Kingdom,874.8199999999999,2,2,Inactive / Lost
C10099,165,2,2812.42,5,4,Canada,1406.21,2,2,Inactive / Lost
C10100,104,3,29454.91,37,10,Netherlands,9818.303333333333,3,3,Champions
C10101,31,4,23502.25,31,9,United Kingdom,5875.5625,4,3,Champions
C10102,104,1,4117.53,3,1,Germany,4117.53,1,2,Inactive / Lost
C10103,28,2,9298.1,18,6,India,4649.05,2,0,Potential Loyalists
C10104,116,3,8238.29,16,5,United Kingdom,2746.096666666667,3,3,Champions
C10105,33,1,10112.64,12,3,United Kingdom,10112.64,1,0,Potential Loyalists
C10106,64,2,1815.4,4,4,India,907.7,2,2,Inactive / Lost
C10107,103,1,5160.4,7,4,United Kingdom,5160.4,1,2,Inactive / Lost
C10108,233,1,2520.6800000000003,5,3,United Kingdom,2520.6800000000003,1,2,Inactive / Lost
C10109,19,1,10504.189999999999,11,5,United Kingdom,10504.189999999999,1,0,Potential Loyalists
C10110,13,2,17646.0,22,4,Australia,8823.0,2,0,Potential Loyalists
C10111,36,4,13408.47,19,8,Netherlands,3352.1175,4,3,Champions
C10112,131,3,20702.33,35,9,United Kingdom,6900.776666666668,3,3,Champions
C10113,325,1,998.1,2,1,United Kingdom,998.1,1,2,Inactive / Lost
C10114,39,1,9292.01,9,4,United Kingdom,9292.01,1,0,Potential Loyalists
C10115,119,1,2370.12,4,1,Spain,2370.12,1,2,Inactive / Lost
C10116,1,6,31381.94,42,10,Netherlands,5230.323333333333,6,3,Champions
C10117,255,2,10224.93,5,1,United Kingdom,5112.465,2,1,At-Risk Customers
C10118,161,1,10000.71,6,2,India,10000.71,1,1,At-Risk Customers
C10119,178,2,4477.6,5,5,India,2238.8,2,1,At-Risk Customers
C10120,54,4,19286.25,24,7,United Kingdom,4821.5625,4,3,Champions
C10121,96,3,17973.41,39,12,Germany,5991.136666666666,3,3,Champions
C10122,22,3,12865.42,16,7,United Kingdom,4288.473333333333,3,3,Champions
C10123,190,1,3227.35,11,3,France,3227.35,1,2,Inactive / Lost
C10124,117,1,5132.26,6,2,United Kingdom,5132.26,1,2,Inactive / Lost
C10125,205,2,3249.64,5,2,United Kingdom,1624.82,2,2,Inactive / Lost
C10126,60,4,29888.760000000002,38,11,United Kingdom,7472.1900000000005,4,3,Champions
C10127,115,2,15971.04,12,4,United Kingdom,7985.52,2,1,At-Risk Customers
C10129,60,1,12169.75,16,6,Netherlands,12169.75,1,1,At-Risk Customers
C10131,82,1,1281.88,2,1,United Kingdom,1281.88,1,2,Inactive / Lost
C10132,175,2,16386.59,31,7,United Kingdom,8193.295,2,1,At-Risk Customers
C10133,6,2,11096.04,25,5,Netherlands,5548.02,2,0,Potential Loyalists
C10134,98,3,14197.31,23,7,Portugal,4732.4366666666665,3,3,Champions
C10135,27,3,33505.61,37,9,United Kingdom,11168.536666666667,3,3,Champions
C10137,243,1,4436.31,6,3,United Kingdom,4436.31,1,2,Inactive / Lost
C10138,284,2,13301.57,17,3,Germany,6650.785,2,1,At-Risk Customers
C10140,16,2,3616.59,9,4,United Kingdom,1808.295,2,0,Potential Loyalists
C10141,2,1,11011.18,20,5,United Kingdom,11011.18,1,0,Potential Loyalists
C10142,254,1,15645.970000000001,23,6,United Kingdom,15645.970000000001,1,1,At-Risk Customers
C10143,31,3,14609.48,16,4,United Kingdom,4869.826666666667,3,3,Champions
C10144,148,2,19516.52,23,6,Netherlands,9758.26,2,1,At-Risk Customers
C10145,227,1,7233.36,8,1,United Kingdom,7233.36,1,1,At-Risk Customers
C10146,7,3,36093.9,37,12,United Kingdom,12031.300000000001,3,0,Potential Loyalists
C10147,15,5,55598.45,43,14,United Kingdom,11119.689999999999,5,3,Champions
C10148,30,2,15625.84,13,4,Germany,7812.92,2,0,Potential Loyalists
C10149,27,2,18511.309999999998,15,6,United Kingdom,9255.654999999999,2,0,Potential Loyalists
C10150,316,1,4422.950000000001,8,3,United Kingdom,4422.950000000001,1,2,Inactive / Lost
C10151,41,4,75552.3,64,14,Singapore,18888.075,4,3,Champions
C10152,240,1,13029.59,9,2,India,13029.59,1,1,At-Risk Customers
C10153,170,1,8418.74,16,4,United Kingdom,8418.74,1,1,At-Risk Customers
C10154,161,2,3245.17,10,4,United Kingdom,1622.585,2,2,Inactive / Lost
C10155,241,1,376.79,1,1,United Kingdom,376.79,1,2,Inactive / Lost
C10157,11,2,19045.78,26,6,United Kingdom,9522.89,2,0,Potential Loyalists
C10159,298,2,23943.16,20,5,United Kingdom,11971.58,2,1,At-Risk Customers
C10163,61,2,10716.94,13,6,United Kingdom,5358.47,2,1,At-Risk Customers
C10167,15,1,3081.57,3,1,United Kingdom,3081.57,1,0,Potential Loyalists
C10168,106,2,19389.51,21,8,India,9694.755,2,1,At-Risk Customers
C10169,85,1,8071.469999999999,6,2,United Kingdom,8071.469999999999,1,1,At-Risk Customers
C10170,292,2,6307.09,8,4,United Kingdom,3153.545,2,1,At-Risk Customers
C10171,120,2,7636.52,9,4,Portugal,3818.26,2,1,At-Risk Customers
C10173,28,4,12493.37,20,8,United Kingdom,3123.3425,4,3,Champions
C10174,38,1,5751.19,12,6,France,5751.19,1,0,Potential Loyalists
C10175,305,1,8823.42,8,4,France,8823.42,1,1,At-Risk Customers
C10176,280,2,12657.79,16,7,United Kingdom,6328.895,2,1,At-Risk Customers
C10177,11,4,12046.929999999998,14,8,United Kingdom,3011.7324999999996,4,3,Champions
C10178,3,1,443.0,1,1,United Kingdom,443.0,1,0,Potential Loyalists
C10179,274,1,3938.58,6,3,United Kingdom,3938.58,1,2,Inactive / Lost
C10180,71,5,31548.2,78,11,United Kingdom,6309.64,5,3,Champions
C10181,16,3,5244.82,13,4,Germany,1748.2733333333333,3,0,Potential Loyalists
C10182,35,3,9261.04,19,7,India,3087.013333333334,3,3,Champions
C10184,82,2,1387.52,5,3,United Kingdom,693.76,2,2,Inactive / Lost
C10185,103,2,22008.440000000002,23,9,United Kingdom,11004.220000000001,2,1,At-Risk Customers
C10186,94,1,3857.17,3,2,United Kingdom,3857.17,1,2,Inactive / Lost
C10187,221,1,19584.760000000002,16,5,Netherlands,19584.760000000002,1,1,At-Risk Customers
C10189,198,2,5657.96,16,5,United Kingdom,2828.98,2,1,At-Risk Customers
C10190,72,1,1535.6,5,1,United Kingdom,1535.6,1,2,Inactive / Lost
C10191,105,2,2783.79,3,2,United Kingdom,1391.895,2,2,Inactive / Lost
C10193,125,1,13843.78,14,5,United Kingdom,13843.78,1,1,At-Risk Customers
C10195,46,3,32734.32,37,10,United Kingdom,10911.44,3,3,Champions
C10197,231,1,923.44,1,1,United Kingdom,923.44,1,2,Inactive / Lost
C10198,175,1,2389.98,3,2,United Kingdom,2389.98,1,2,Inactive / Lost
C10199,236,2,23013.53,31,9,Singapore,11506.765,2,1,At-Risk Customers
C10200,111,2,18445.02,22,7,EIRE,9222.51,2,1,At-Risk Customers
C10201,192,2,8557.65,15,4,Australia,4278.825,2,1,At-Risk Customers
C10202,132,1,10506.64,12,5,Spain,10506.64,1,1,At-Risk Customers
C10204,225,4,29003.38,58,13,United Kingdom,7250.845,4,3,Champions
C10205,5,5,39422.36,31,10,United Kingdom,7884.472,5,3,Champions
C10206,96,1,17811.54,14,8,United Kingdom,17811.54,1,1,At-Risk Customers
C10207,37,2,5613.77,11,2,United Kingdom,2806.885,2,0,Potential Loyalists
C10208,99,2,5442.9,7,4,United Kingdom,2721.45,2,1,At-Risk Customers
C10211,42,1,20348.199999999997,22,3,United Kingdom,20348.199999999997,1,1,At-Risk Customers
C10212,50,2,15503.91,24,3,France,7751.955,2,1,At-Risk Customers
C10213,116,1,2205.75,5,2,United Kingdom,2205.75,1,2,Inactive / Lost
C10214,44,2,38228.97,25,4,United Kingdom,19114.485,2,3,Champions
C10215,126,1,8746.57,9,4,Australia,8746.57,1,1,At-Risk Customers
C10218,87,1,18165.600000000002,15,2,Germany,18165.600000000002,1,1,At-Risk Customers
C10219,277,1,1164.68,1,1,United Kingdom,1164.68,1,2,Inactive / Lost
C10220,170,3,18341.97,26,9,United Kingdom,6113.990000000001,3,3,Champions
C10221,39,1,1149.56,4,1,Australia,1149.56,1,2,Inactive / Lost
C10222,6,4,5613.89,8,4,United Kingdom,1403.4725,4,0,Potential Loyalists
C10223,297,1,835.54,1,1,United Kingdom,835.54,1,2,Inactive / Lost
C10224,69,3,23057.61,31,8,Germany,7685.87,3,3,Champions
C10225,107,1,15509.28,12,1,United Kingdom,15509.28,1,1,At-Risk Customers
C10226,143,1,3520.93,10,5,India,3520.93,1,2,Inactive / Lost
C10227,158,2,12191.85,19,5,United Kingdom,6095.925,2,1,At-Risk Customers
C10228,218,2,9557.48,14,6,EIRE,4778.74,2,1,At-Risk Customers
C10229,29,1,1477.06,4,2,United Kingdom,1477.06,1,2,Inactive / Lost
C10231,284,1,21691.38,21,2,United Kingdom,21691.38,1,1,At-Risk Customers
C10232,181,2,5511.09,10,5,United Kingdom,2755.545,2,1,At-Risk Customers
C10234,201,3,28097.69,27,7,India,9365.896666666666,3,3,Champions
C10235,37,2,17401.55,30,6,United Kingdom,8700.775,2,0,Potential Loyalists
C10236,57,1,5509.54,7,3,United Kingdom,5509.54,1,2,Inactive / Lost
C10237,25,3,44009.159999999996,33,9,Netherlands,14669.72,3,3,Champions
C10238,110,3,13454.48,18,7,United Kingdom,4484.826666666667,3,3,Champions
C10240,1,4,28266.57,35,8,India,7066.6425,4,0,Potential Loyalists
C10241,298,1,929.21,2,2,United Kingdom,929.21,1,2,Inactive / Lost
C10242,146,1,5875.1,17,3,India,5875.1,1,2,Inactive / Lost
C10243,107,2,16139.220000000001,12,2,United Kingdom,8069.610000000001,2,1,At-Risk Customers
C10244,170,2,20334.0,14,5,Portugal,10167.0,2,1,At-Risk Customers
C10245,68,2,13951.369999999999,19,7,United Kingdom,6975.6849999999995,2,1,At-Risk Customers
C10247,32,2,7559.08,17,4,United Kingdom,3779.54,2,0,Potential Loyalists
C10248,86,2,79880.85,64,6,United Kingdom,39940.425,2,3,Champions
C10249,47,4,10023.76,22,7,India,2505.94,4,3,Champions
C10250,215,1,9053.52,9,3,United Kingdom,9053.52,1,1,At-Risk Customers
C10251,10,1,9444.32,7,4,United Kingdom,9444.32,1,0,Potential Loyalists
C10253,135,1,851.57,1,1,United Kingdom,851.57,1,2,Inactive / Lost
C10254,90,1,3204.58,8,4,United Kingdom,3204.58,1,2,Inactive / Lost
C10255,76,3,13475.36,21,6,Singapore,4491.786666666667,3,3,Champions
C10256,314,2,5844.3099999999995,15,6,Singapore,2922.1549999999997,2,1,At-Risk Customers
C10258,61,3,18889.28,18,4,United Kingdom,6296.426666666666,3,3,Champions
C10259,299,1,2159.0,2,1,United Kingdom,2159.0,1,2,Inactive / Lost
C10260,31,1,4310.13,7,3,Portugal,4310.13,1,0,Potential Loyalists
C10261,79,3,9931.33,22,6,Netherlands,3310.443333333333,3,3,Champions
C10262,102,5,42550.77,52,13,Netherlands,8510.153999999999,5,3,Champions
C10264,293,1,3510.63,4,2,United Kingdom,3510.63,1,2,Inactive / Lost
C10265,137,1,3734.69,3,2,EIRE,3734.69,1,2,Inactive / Lost
C10266,110,3,17676.51,27,9,India,5892.169999999999,3,3,Champions
C10268,42,3,29904.79,35,6,Canada,9968.263333333334,3,3,Champions
C10269,15,2,21113.43,27,5,India,10556.715,2,0,Potential Loyalists
C10270,91,2,8311.94,12,5,United Kingdom,4155.97,2,1,At-Risk Customers
C10271,40,1,1734.65,5,2,France,1734.65,1,2,Inactive / Lost
C10273,120,2,11482.859999999999,10,3,India,5741.429999999999,2,1,At-Risk Customers
C10275,289,1,29221.98,41,8,United Kingdom,29221.98,1,1,At-Risk Customers
C10276,237,1,7134.7699999999995,15,4,United Kingdom,7134.7699999999995,1,1,At-Risk Customers
C10277,115,1,3237.4300000000003,3,2,United Kingdom,3237.4300000000003,1,2,Inactive / Lost
C10278,79,2,3893.95,9,3,United Kingdom,1946.975,2,1,At-Risk Customers
C10279,212,2,3714.16,10,4,United Kingdom,1857.08,2,1,At-Risk Customers
C10280,38,4,19932.81,27,9,India,4983.2025,4,3,Champions
C10281,284,3,12085.34,25,11,Germany,4028.4466666666667,3,1,At-Risk Customers
C10282,136,1,11544.34,11,5,United Kingdom,11544.34,1,1,At-Risk Customers
C10283,285,1,1472.83,3,3,India,1472.83,1,2,Inactive / Lost
C10284,198,1,9184.32,14,6,United Kingdom,9184.32,1,1,At-Risk Customers
C10285,19,2,10454.03,11,7,United Kingdom,5227.015,2,0,Potential Loyalists
C10286,84,3,15401.88,34,10,Spain,5133.96,3,3,Champions
C10287,118,1,13356.83,9,2,EIRE,13356.83,1,1,At-Risk Customers
C10288,80,2,45549.990000000005,56,11,United Kingdom,22774.995000000003,2,3,Champions
C10289,184,3,32308.660000000003,34,10,United Kingdom,10769.553333333335,3,3,Champions
C10291,26,2,14005.859999999999,21,6,United Kingdom,7002.929999999999,2,0,Potential Loyalists
C10292,248,4,46169.9,40,12,France,11542.475,4,3,Champions
C10293,68,1,4214.68,10,5,India,4214.68,1,2,Inactive / Lost
C10296,30,3,15708.57,33,10,United Kingdom,5236.19,3,3,Champions
C10297,199,1,8138.740000000001,8,4,United Kingdom,8138.740000000001,1,1,At-Risk Customers
C10299,119,1,1739.44,4,2,United Kingdom,1739.44,1,2,Inactive / Lost
C10301,167,2,5390.87,20,6,Spain,2695.435,2,1,At-Risk Customers
C10303,143,3,17091.07,19,9,EIRE,5697.0233333333335,3,3,Champions
C10304,154,1,1853.98,6,2,India,1853.98,1,2,Inactive / Lost
C10305,13,2,12356.95,18,10,United Kingdom,6178.475,2,0,Potential Loyalists
C10306,99,3,36248.33,44,11,United Kingdom,12082.776666666667,3,3,Champions
C10307,28,2,21837.879999999997,27,9,United Kingdom,10918.939999999999,2,0,Potential Loyalists
C10309,269,2,4310.2699999999995,7,4,France,2155.1349999999998,2,1,At-Risk Customers
C10310,191,1,4883.06,3,2,Netherlands,4883.06,1,2,Inactive / Lost
C10311,2,2,7170.49,17,6,Netherlands,3585.245,2,0,Potential Loyalists
C10312,19,2,21743.55,21,8,United Kingdom,10871.775,2,0,Potential Loyalists
C10313,2,1,3206.66,7,4,United Kingdom,3206.66,1,0,Potential Loyalists
C10314,24,3,9400.18,19,8,United Kingdom,3133.3933333333334,3,3,Champions
C10315,104,2,11085.28,12,7,France,5542.64,2,1,At-Risk Customers
C10316,2,3,6482.29,7,3,Netherlands,2160.7633333333333,3,0,Potential Loyalists
C10318,68,2,10848.21,16,5,India,5424.105,2,1,At-Risk Customers
C10319,88,2,12500.93,20,6,United Kingdom,6250.465,2,1,At-Risk Customers
C10320,18,2,8666.9,7,4,Spain,4333.45,2,0,Potential Loyalists
C10321,130,1,5850.08,8,3,Netherlands,5850.08,1,2,Inactive / Lost
C10323,5,2,5743.25,7,2,France,2871.625,2,0,Potential Loyalists
C10324,32,1,1722.4699999999998,3,2,Netherlands,1722.4699999999998,1,2,Inactive / Lost
C10326,62,2,12759.439999999999,12,4,Germany,6379.719999999999,2,1,At-Risk Customers
C10327,29,2,32933.450000000004,75,4,United Kingdom,16466.725000000002,2,3,Champions
C10328,90,2,4305.7,6,3,Portugal,2152.85,2,1,At-Risk Customers
C10330,4,2,29557.33,44,6,Netherlands,14778.665,2,0,Potential Loyalists
C10331,262,2,19510.489999999998,39,9,France,9755.244999999999,2,1,At-Risk Customers
C10332,33,3,11069.29,17,6,United Kingdom,3689.763333333334,3,3,Champions
C10333,96,3,16511.56,26,6,France,5503.8533333333335,3,3,Champions
C10336,133,1,4321.59,7,2,EIRE,4321.59,1,2,Inactive / Lost
C10337,263,1,4846.74,5,3,United Kingdom,4846.74,1,2,Inactive / Lost
C10338,17,2,8733.24,12,5,France,4366.62,2,0,Potential Loyalists
C10339,212,2,30611.48,35,11,United Kingdom,15305.74,2,1,At-Risk Customers
C10340,103,2,19954.26,18,6,United Kingdom,9977.13,2,1,At-Risk Customers
C10341,73,1,1461.93,3,1,France,1461.93,1,2,Inactive / Lost
C10342,53,2,17778.86,24,9,United Kingdom,8889.43,2,1,At-Risk Customers
C10346,316,1,1692.5700000000002,3,1,Netherlands,1692.5700000000002,1,2,Inactive / Lost
C10347,127,3,9251.99,15,7,Australia,3083.9966666666664,3,3,Champions
C10348,215,1,5432.18,2,1,United Kingdom,5432.18,1,2,Inactive / Lost
C10349,248,1,455.98,2,1,India,455.98,1,2,Inactive / Lost
C10350,55,2,11488.82,15,5,United Kingdom,5744.41,2,1,At-Risk Customers
C10352,115,2,9468.44,18,7,United Kingdom,4734.22,2,1,At-Risk Customers
C10354,33,2,13940.76,27,6,United Kingdom,6970.38,2,0,Potential Loyalists
C10355,181,2,18045.45,19,5,Canada,9022.725,2,1,At-Risk Customers
C10356,144,2,27577.940000000002,17,5,United Kingdom,13788.970000000001,2,1,At-Risk Customers
C10357,109,2,8651.6,17,6,Australia,4325.8,2,1,At-Risk Customers
C10358,189,1,1310.83,2,2,United Kingdom,1310.83,1,2,Inactive / Lost
C10359,178,1,7503.71,9,4,United Kingdom,7503.71,1,1,At-Risk Customers
C10360,7,3,3640.2200000000003,9,5,United Kingdom,1213.4066666666668,3,0,Potential Loyalists
C10361,191,1,7920.9400000000005,14,5,Germany,7920.9400000000005,1,1,At-Risk Customers
C10362,18,5,39581.62,48,15,United Kingdom,7916.3240000000005,5,3,Champions
C10363,274,1,5740.780000000001,14,4,India,5740.780000000001,1,2,Inactive / Lost
C10364,255,1,1019.29,4,2,United Kingdom,1019.29,1,2,Inactive / Lost
C10366,289,1,10803.82,12,4,United Kingdom,10803.82,1,1,At-Risk Customers
C10367,69,1,5279.21,7,3,United Kingdom,5279.21,1,2,Inactive / Lost
C10368,42,5,35623.35,87,9,India,7124.67,5,3,Champions
C10369,136,1,1373.3500000000001,5,2,United Kingdom,1373.3500000000001,1,2,Inactive / Lost
C10370,153,1,4030.11,9,3,Spain,4030.11,1,2,Inactive / Lost
C10371,305,2,9236.33,16,6,United Kingdom,4618.165,2,1,At-Risk Customers
C10372,282,1,5179.77,6,2,Germany,5179.77,1,2,Inactive / Lost
C10373,66,2,5072.43,7,3,Germany,2536.215,2,1,At-Risk Customers
C10374,170,2,8284.79,17,3,India,4142.395,2,1,At-Risk Customers
C10375,77,2,13597.82,19,7,United Kingdom,6798.91,2,1,At-Risk Customers
C10376,127,1,6863.82,12,6,United Kingdom,6863.82,1,1,At-Risk Customers
C10377,148,3,18916.7,32,9,India,6305.566666666667,3,3,Champions
C10378,140,2,9415.220000000001,13,6,United Kingdom,4707.610000000001,2,1,At-Risk Customers
C10379,59,4,45014.229999999996,36,12,United Kingdom,11253.557499999999,4,3,Champions
C10380,11,3,13747.86,14,7,EIRE,4582.62,3,0,Potential Loyalists
C10382,301,1,271.04,1,1,United Kingdom,271.04,1,2,Inactive / Lost
C10383,21,2,55774.29,51,10,United Kingdom,27887.145,2,3,Champions
C10384,21,2,3778.57,5,2,United Kingdom,1889.285,2,0,Potential Loyalists
C10385,37,4,17919.420000000002,18,8,United Kingdom,4479.8550000000005,4,3,Champions
C10386,24,3,20323.98,26,4,United Kingdom,6774.66,3,3,Champions
C10387,119,1,6753.3,9,5,United Kingdom,6753.3,1,1,At-Risk Customers
C10388,292,1,7751.0599999999995,14,2,United Kingdom,7751.0599999999995,1,1,At-Risk Customers
C10390,159,1,3886.65,5,1,India,3886.65,1,2,Inactive / Lost
C10391,126,2,59477.060000000005,41,9,Spain,29738.530000000002,2,3,Champions
C10393,182,2,10952.32,14,5,United Kingdom,5476.16,2,1,At-Risk Customers
C10394,70,1,11515.34,8,2,United Kingdom,11515.34,1,1,At-Risk Customers
C10395,40,1,704.8299999999999,2,2,United Kingdom,704.8299999999999,1,2,Inactive / Lost
C10396,328,1,5255.64,6,1,United Kingdom,5255.64,1,2,Inactive / Lost
C10397,167,1,4347.0,12,1,United Kingdom,4347.0,1,2,Inactive / Lost
C10398,164,1,7686.5,10,1,United Kingdom,7686.5,1,1,At-Risk Customers
C10399,110,5,26212.26,38,10,India,5242.451999999999,5,3,Champions
C10400,230,1,2664.31,8,3,United Kingdom,2664.31,1,2,Inactive / Lost
C10401,101,1,5131.22,5,2,United Kingdom,5131.22,1,2,Inactive / Lost
C10402,234,2,5864.200000000001,14,6,United Kingdom,2932.1000000000004,2,1,At-Risk Customers
C10403,93,5,24679.97,39,8,United Kingdom,4935.994000000001,5,3,Champions
C10404,61,5,51588.92,75,15,Spain,10317.784,5,3,Champions
C10406,15,1,2822.84,4,2,United Kingdom,2822.84,1,0,Potential Loyalists
C10407,81,5,25509.71,24,12,United Kingdom,5101.942,5,3,Champions
C10409,294,1,7781.049999999999,13,5,India,7781.049999999999,1,1,At-Risk Customers
C10410,229,1,6449.69,5,2,United Kingdom,6449.69,1,1,At-Risk Customers
C10411,63,1,13261.78,18,5,France,13261.78,1,1,At-Risk Customers
C10412,90,5,43513.82,40,9,Germany,8702.764,5,3,Champions
C10413,7,4,22026.28,21,7,India,5506.57,4,3,Champions
C10416,30,5,34106.08,49,14,United Kingdom,6821.216,5,3,Champions
C10417,51,2,5757.07,12,3,United Kingdom,2878.535,2,1,At-Risk Customers
C10418,147,2,15989.53,31,7,United Kingdom,7994.765,2,1,At-Risk Customers
C10419,73,4,28844.24,35,9,EIRE,7211.06,4,3,Champions
C10420,234,1,6890.21,11,2,United Kingdom,6890.21,1,1,At-Risk Customers
C10421,191,1,8080.17,9,3,United Kingdom,8080.17,1,1,At-Risk Customers
C10422,42,3,20290.09,29,8,India,6763.363333333334,3,3,Champions
C10423,234,3,8149.86,14,5,United Kingdom,2716.62,3,1,At-Risk Customers
C10424,194,2,11861.48,8,3,India,5930.74,2,1,At-Risk Customers
C10425,47,1,2193.06,3,1,United Kingdom,2193.06,1,2,Inactive / Lost
C10426,79,2,5443.17,4,4,United Kingdom,2721.585,2,1,At-Risk Customers
C10428,235,1,1335.7,4,2,United Kingdom,1335.7,1,2,Inactive / Lost
C10429,26,2,2981.63,7,3,Germany,1490.815,2,0,Potential Loyalists
C10430,83,2,2529.79,6,3,France,1264.895,2,2,Inactive / Lost
C10431,280,1,1401.3899999999999,6,2,United Kingdom,1401.3899999999999,1,2,Inactive / Lost
C10432,239,1,2653.7200000000003,4,2,United Kingdom,2653.7200000000003,1,2,Inactive / Lost
C10433,131,2,3511.71,3,2,United Kingdom,1755.855,2,1,At-Risk Customers
C10435,70,3,28948.01,40,7,United Kingdom,9649.336666666666,3,3,Champions
C10436,115,1,2705.15,9,2,United Kingdom,2705.15,1,2,Inactive / Lost
C10437,264,3,23879.510000000002,75,11,United Kingdom,7959.836666666667,3,3,Champions
C10438,50,3,5964.57,11,4,EIRE,1988.1899999999998,3,3,Champions
C10439,273,2,9436.18,20,6,United Kingdom,4718.09,2,1,At-Risk Customers
C10440,50,3,7407.2,19,8,France,2469.0666666666666,3,3,Champions
C10441,198,1,5264.360000000001,8,2,India,5264.360000000001,1,2,Inactive / Lost
C10442,103,2,12402.699999999999,14,8,Canada,6201.349999999999,2,1,At-Risk Customers
C10445,57,4,16807.61,35,8,Netherlands,4201.9025,4,3,Champions
C10446,37,2,4272.34,16,3,India,2136.17,2,0,Potential Loyalists
C10447,48,2,18954.88,28,9,Germany,9477.44,2,3,Champions
C10448,133,1,2683.44,4,1,United Kingdom,2683.44,1,2,Inactive / Lost
C10449,82,3,11574.48,23,7,EIRE,3858.16,3,3,Champions
C10450,117,1,19304.76,10,2,United Kingdom,19304.76,1,1,At-Risk Customers
C10451,98,1,4074.1200000000003,5,2,Netherlands,4074.1200000000003,1,2,Inactive / Lost
C10452,98,3,22883.69,27,8,Germany,7627.8966666666665,3,3,Champions
C10453,2,1,3194.5200000000004,10,4,United Kingdom,3194.5200000000004,1,0,Potential Loyalists
C10454,201,3,16295.23,16,7,United Kingdom,5431.743333333333,3,3,Champions
C10455,144,2,29133.94,36,8,United Kingdom,14566.97,2,1,At-Risk Customers
C10456,210,2,5270.35,9,3,India,2635.175,2,1,At-Risk Customers
C10457,147,2,14537.21,18,6,Germany,7268.605,2,1,At-Risk Customers
C10458,90,3,15325.02,29,6,United Kingdom,5108.34,3,3,Champions
C10460,5,7,31889.95,43,14,United Kingdom,4555.707142857143,7,3,Champions
C10461,28,4,22851.14,33,9,United Kingdom,5712.785,4,3,Champions
C10462,173,2,11541.15,17,8,United Kingdom,5770.575,2,1,At-Risk Customers
C10464,254,1,559.92,1,1,United Kingdom,559.92,1,2,Inactive / Lost
C10465,251,1,6530.26,13,5,United Kingdom,6530.26,1,1,At-Risk Customers
C10466,47,2,7289.400000000001,9,4,United Kingdom,3644.7000000000003,2,0,Potential Loyalists
C10467,34,1,533.46,1,1,United Kingdom,533.46,1,2,Inactive / Lost
C10468,28,4,18005.9,23,10,India,4501.475,4,3,Champions
C10469,152,3,25102.22,37,12,India,8367.406666666668,3,3,Champions
C10470,58,2,5281.51,10,4,United Kingdom,2640.755,2,1,At-Risk Customers
C10472,100,3,31476.42,28,9,United Kingdom,10492.14,3,3,Champions
C10473,1,2,15412.0,14,5,United Kingdom,7706.0,2,0,Potential Loyalists
C10474,47,3,30190.92,30,9,United Kingdom,10063.64,3,3,Champions
C10475,228,2,30997.710000000003,22,7,United Kingdom,15498.855000000001,2,1,At-Risk Customers
C10476,302,1,4404.07,3,2,Spain,4404.07,1,2,Inactive / Lost
C10477,197,1,817.29,2,2,India,817.29,1,2,Inactive / Lost
C10478,324,1,789.9300000000001,3,1,India,789.9300000000001,1,2,Inactive / Lost
C10479,7,1,2112.17,5,3,EIRE,2112.17,1,0,Potential Loyalists
C10481,181,3,25663.0,27,7,United Kingdom,8554.333333333334,3,3,Champions
C10482,73,1,4036.01,7,3,United Kingdom,4036.01,1,2,Inactive / Lost
C10483,145,1,1770.87,3,2,United Kingdom,1770.87,1,2,Inactive / Lost
C10485,131,5,53912.82,45,9,EIRE,10782.564,5,3,Champions
C10486,117,2,5792.469999999999,15,6,Australia,2896.2349999999997,2,1,At-Risk Customers
C10488,73,2,8142.42,20,5,Germany,4071.21,2,1,At-Risk Customers
C10489,84,2,73697.70999999999,89,7,United Kingdom,36848.854999999996,2,3,Champions
C10490,323,1,1315.92,6,1,India,1315.92,1,2,Inactive / Lost
C10491,126,3,5913.38,6,5,United Kingdom,1971.1266666666668,3,1,At-Risk Customers
C10492,116,2,7612.15,17,4,United Kingdom,3806.075,2,1,At-Risk Customers
C10493,208,2,19450.370000000003,25,7,United Kingdom,9725.185000000001,2,1,At-Risk Customers
C10494,28,3,7955.540000000001,23,6,United Kingdom,2651.846666666667,3,3,Champions
C10495,116,1,11123.48,8,4,United Kingdom,11123.48,1,1,At-Risk Customers
C10496,1,3,32267.01,37,7,India,10755.67,3,0,Potential Loyalists
C10497,17,2,921.8799999999999,2,2,United Kingdom,460.93999999999994,2,0,Potential Loyalists
C10500,24,3,10223.95,21,9,United Kingdom,3407.9833333333336,3,3,Champions
C10501,31,3,12533.15,18,9,India,4177.716666666666,3,3,Champions
C10502,113,1,32646.529999999995,30,6,United Kingdom,32646.529999999995,1,1,At-Risk Customers
C10503,54,2,28211.04,16,3,United Kingdom,14105.52,2,3,Champions
C10504,78,2,16255.410000000002,28,8,United Kingdom,8127.705000000001,2,1,At-Risk Customers
C10505,54,1,12221.84,7,3,United Kingdom,12221.84,1,1,At-Risk Customers
C10507,122,2,22423.809999999998,25,8,United Kingdom,11211.904999999999,2,1,At-Risk Customers
C10508,62,2,10291.05,15,4,United Kingdom,5145.525,2,1,At-Risk Customers
C10509,98,4,11664.34,24,8,United Kingdom,2916.085,4,3,Champions
C10510,200,1,5071.72,5,2,United Kingdom,5071.72,1,2,Inactive / Lost
C10511,239,1,6001.27,11,5,United Kingdom,6001.27,1,1,At-Risk Customers
C10512,110,1,4634.0,10,1,United Kingdom,4634.0,1,2,Inactive / Lost
C10514,276,1,8815.22,16,4,United Kingdom,8815.22,1,1,At-Risk Customers
C10515,110,2,3096.3300000000004,6,3,Germany,1548.1650000000002,2,2,Inactive / Lost
C10516,31,1,216.04,1,1,EIRE,216.04,1,2,Inactive / Lost
C10517,254,1,3565.58,11,4,United Kingdom,3565.58,1,2,Inactive / Lost
C10518,156,2,12829.86,18,8,United Kingdom,6414.93,2,1,At-Risk Customers
C10520,152,2,4788.7,15,3,United Kingdom,2394.35,2,1,At-Risk Customers
C10521,72,2,12498.7,16,7,Singapore,6249.35,2,1,At-Risk Customers
C10522,50,2,8018.3,11,4,United Kingdom,4009.15,2,1,At-Risk Customers
C10523,47,1,17657.199999999997,9,3,India,17657.199999999997,1,1,At-Risk Customers
C10524,213,2,9991.27,10,4,France,4995.635,2,1,At-Risk Customers
C10526,199,1,2350.45,6,3,Germany,2350.45,1,2,Inactive / Lost
C10527,231,1,747.97,1,1,Portugal,747.97,1,2,Inactive / Lost
C10529,140,1,2239.62,4,2,United Kingdom,2239.62,1,2,Inactive / Lost
C10530,259,2,18288.06,15,3,United Kingdom,9144.03,2,1,At-Risk Customers
C10532,155,2,3589.09,7,4,India,1794.545,2,1,At-Risk Customers
C10533,206,3,11163.15,18,7,United Kingdom,3721.0499999999997,3,1,At-Risk Customers
C10536,55,4,19187.03,38,10,Germany,4796.7575,4,3,Champions
C10537,124,2,8988.49,15,7,United Kingdom,4494.245,2,1,At-Risk Customers
C10538,92,3,20217.36,15,8,India,6739.12,3,3,Champions
C10539,138,3,16901.510000000002,21,9,Germany,5633.836666666667,3,3,Champions
C10540,134,1,16518.72,18,8,United Kingdom,16518.72,1,1,At-Risk Customers
C10541,184,1,2875.29,3,2,France,2875.29,1,2,Inactive / Lost
C10542,287,1,3483.23,10,4,Australia,3483.23,1,2,Inactive / Lost
C10543,5,2,10128.66,16,7,United Kingdom,5064.33,2,0,Potential Loyalists
C10544,176,2,7916.12,8,3,United Kingdom,3958.06,2,1,At-Risk Customers
C10545,64,2,5076.05,13,6,United Kingdom,2538.025,2,1,At-Risk Customers
C10546,161,2,2503.1800000000003,3,3,India,1251.5900000000001,2,2,Inactive / Lost
C10547,222,1,6005.68,4,1,Australia,6005.68,1,1,At-Risk Customers
C10548,218,1,11800.5,14,4,United Kingdom,11800.5,1,1,At-Risk Customers
C10549,3,1,16242.36,7,2,Germany,16242.36,1,0,Potential Loyalists
C10552,223,1,2260.38,3,1,India,2260.38,1,2,Inactive / Lost
C10554,136,2,17711.42,11,3,France,8855.71,2,1,At-Risk Customers
C10555,124,2,2474.5600000000004,6,4,EIRE,1237.2800000000002,2,2,Inactive / Lost
C10556,5,2,6653.21,16,5,India,3326.605,2,0,Potential Loyalists
C10557,273,1,2326.25,5,1,United Kingdom,2326.25,1,2,Inactive / Lost
C10558,234,2,10903.060000000001,11,6,Canada,5451.530000000001,2,1,At-Risk Customers
C10559,132,1,8573.49,13,5,France,8573.49,1,1,At-Risk Customers
C10560,94,2,11202.77,21,9,United Kingdom,5601.385,2,1,At-Risk Customers
C10561,241,2,11235.74,19,10,United Kingdom,5617.87,2,1,At-Risk Customers
C10562,42,2,2428.23,6,4,United Kingdom,1214.115,2,0,Potential Loyalists
C10564,298,1,1160.8,2,1,United Kingdom,1160.8,1,2,Inactive / Lost
C10566,121,3,22534.370000000003,37,8,EIRE,7511.456666666668,3,3,Champions
C10567,47,3,40718.62,44,11,United Kingdom,13572.873333333335,3,3,Champions
C10568,22,1,6042.469999999999,9,3,Australia,6042.469999999999,1,0,Potential Loyalists
C10569,216,2,7419.84,14,5,India,3709.92,2,1,At-Risk Customers
C10571,50,2,11321.96,16,4,India,5660.98,2,1,At-Risk Customers
C10572,211,1,8703.39,13,6,United Kingdom,8703.39,1,1,At-Risk Customers
C10573,258,2,7763.52,23,5,Germany,3881.76,2,1,At-Risk Customers
C10574,59,1,3535.92,10,3,Australia,3535.92,1,2,Inactive / Lost
C10575,124,1,316.79,1,1,United Kingdom,316.79,1,2,Inactive / Lost
C10577,55,3,37793.51,41,7,United Kingdom,12597.836666666668,3,3,Champions
C10578,4,1,823.9,2,1,United Kingdom,823.9,1,0,Potential Loyalists
C10579,15,3,13689.66,20,9,United Kingdom,4563.22,3,0,Potential Loyalists
C10580,62,3,16123.3,18,6,Germany,5374.433333333333,3,3,Champions
C10581,271,1,2022.72,4,2,United Kingdom,2022.72,1,2,Inactive / Lost
C10583,116,2,20364.16,22,8,EIRE,10182.08,2,1,At-Risk Customers
C10584,289,2,11195.31,20,3,United Kingdom,5597.655,2,1,At-Risk Customers
C10585,147,4,24403.31,28,11,Netherlands,6100.8275,4,3,Champions
C10586,1,2,9831.650000000001,14,5,United Kingdom,4915.825000000001,2,0,Potential Loyalists
C10587,21,4,22423.31,30,11,United Kingdom,5605.8275,4,3,Champions
C10588,122,2,26297.510000000002,21,9,India,13148.755000000001,2,1,At-Risk Customers
C10589,25,2,8256.19,16,6,United Kingdom,4128.095,2,0,Potential Loyalists
C10590,138,3,13997.28,21,8,United Kingdom,4665.76,3,3,Champions
C10591,121,1,3178.46,2,1,EIRE,3178.46,1,2,Inactive / Lost
C10592,4,2,21894.72,36,8,United Kingdom,10947.36,2,0,Potential Loyalists
C10593,283,1,951.8299999999999,3,2,United Kingdom,951.8299999999999,1,2,Inactive / Lost
C10594,52,3,17787.68,21,7,France,5929.2266666666665,3,3,Champions
C10595,270,1,3012.96,6,1,United Kingdom,3012.96,1,2,Inactive / Lost
C10597,8,5,23659.57,45,12,India,4731.914,5,3,Champions
C10599,39,1,11057.29,15,5,United Kingdom,11057.29,1,0,Potential Loyalists
C10600,37,2,11099.289999999999,9,4,Portugal,5549.6449999999995,2,0,Potential Loyalists
C10602,219,2,28947.46,35,8,Germany,14473.73,2,1,At-Risk Customers
C10603,90,5,27708.129999999997,39,9,United Kingdom,5541.625999999999,5,3,Champions
C10605,61,4,45612.03,52,12,India,11403.0075,4,3,Champions
C10606,169,2,22697.19,33,10,India,11348.595,2,1,At-Risk Customers
C10609,172,1,34404.01,26,3,United Kingdom,34404.01,1,1,At-Risk Customers
C10610,61,2,11151.619999999999,20,5,United Kingdom,5575.8099999999995,2,1,At-Risk Customers
C10611,184,1,1204.75,4,3,India,1204.75,1,2,Inactive / Lost
C10612,64,2,51759.590000000004,41,7,United Kingdom,25879.795000000002,2,3,Champions
C10613,164,2,14012.22,12,4,India,7006.11,2,1,At-Risk Customers
C10614,252,1,2624.84,2,1,United Kingdom,2624.84,1,2,Inactive / Lost
C10617,92,1,4597.21,6,2,Germany,4597.21,1,2,Inactive / Lost
C10618,134,2,9899.71,12,5,United Kingdom,4949.855,2,1,At-Risk Customers
C10619,67,4,15189.26,23,10,India,3797.315,4,3,Champions
C10620,37,3,14346.380000000001,18,6,United Kingdom,4782.126666666667,3,3,Champions
C10621,29,2,3440.1299999999997,5,2,United Kingdom,1720.0649999999998,2,0,Potential Loyalists
C10622,125,2,5035.1,3,2,United Kingdom,2517.55,2,1,At-Risk Customers
C10625,305,1,2195.46,3,1,United Kingdom,2195.46,1,2,Inactive / Lost
C10627,11,2,3921.41,9,3,United Kingdom,1960.705,2,0,Potential Loyalists
C10628,186,2,8265.47,13,4,United Kingdom,4132.735,2,1,At-Risk Customers
C10629,106,2,9044.6,20,7,United Kingdom,4522.3,2,1,At-Risk Customers
C10631,290,1,6982.46,12,4,Canada,6982.46,1,1,At-Risk Customers
C10633,113,1,1877.6799999999998,3,2,United Kingdom,1877.6799999999998,1,2,Inactive / Lost
C10634,128,4,9365.130000000001,16,7,United Kingdom,2341.2825000000003,4,3,Champions
C10635,72,1,8138.509999999999,9,4,United Kingdom,8138.509999999999,1,1,At-Risk Customers
C10636,114,2,11925.45,17,4,United Kingdom,5962.725,2,1,At-Risk Customers
C10637,15,2,11912.73,34,8,United Kingdom,5956.365,2,0,Potential Loyalists
C10638,158,1,2815.45,3,2,United Kingdom,2815.45,1,2,Inactive / Lost
C10639,132,2,11554.95,9,5,United Kingdom,5777.475,2,1,At-Risk Customers
C10641,198,2,29436.83,26,6,Canada,14718.415,2,1,At-Risk Customers
C10642,57,4,22688.54,29,8,United Kingdom,5672.135,4,3,Champions
C10643,66,2,11913.41,19,6,India,5956.705,2,1,At-Risk Customers
C10644,109,1,581.6700000000001,2,2,United Kingdom,581.6700000000001,1,2,Inactive / Lost
C10645,300,1,12384.02,14,3,Netherlands,12384.02,1,1,At-Risk Customers
C10646,156,1,8776.39,13,3,United Kingdom,8776.39,1,1,At-Risk Customers
C10647,38,3,24087.78,29,10,Netherlands,8029.259999999999,3,3,Champions
C10648,161,1,2049.04,2,1,United Kingdom,2049.04,1,2,Inactive / Lost
C10649,135,2,8806.84,11,5,United Kingdom,4403.42,2,1,At-Risk Customers
C10650,181,1,1019.5899999999999,3,2,United Kingdom,1019.5899999999999,1,2,Inactive / Lost
C10651,85,1,550.93,2,2,United Kingdom,550.93,1,2,Inactive / Lost
C10652,264,3,21540.66,36,8,United Kingdom,7180.22,3,3,Champions
C10653,177,1,3068.79,3,1,Portugal,3068.79,1,2,Inactive / Lost
C10655,307,1,4572.67,7,4,EIRE,4572.67,1,2,Inactive / Lost
C10656,4,1,13548.64,7,3,United Kingdom,13548.64,1,0,Potential Loyalists
C10657,12,4,19219.48,23,8,United Kingdom,4804.87,4,3,Champions
C10658,80,3,21806.7,35,9,India,7268.900000000001,3,3,Champions
C10659,247,1,8066.95,13,6,United Kingdom,8066.95,1,1,At-Risk Customers
C10661,135,2,9862.67,15,5,United Kingdom,4931.335,2,1,At-Risk Customers
C10662,69,4,17239.74,20,10,United Kingdom,4309.935,4,3,Champions
C10663,166,3,36501.4,34,9,Singapore,12167.133333333333,3,3,Champions
C10664,45,3,30239.0,41,13,United Kingdom,10079.666666666666,3,3,Champions
C10666,106,2,10641.08,12,3,India,5320.54,2,1,At-Risk Customers
C10668,192,2,11873.220000000001,15,6,United Kingdom,5936.610000000001,2,1,At-Risk Customers
C10669,20,2,5357.17,9,3,United Kingdom,2678.585,2,0,Potential Loyalists
C10672,304,1,19608.21,10,3,Netherlands,19608.21,1,1,At-Risk Customers
C10673,97,3,28776.49,38,10,Singapore,9592.163333333334,3,3,Champions
C10676,70,4,7697.97,17,9,India,1924.4925,4,3,Champions
C10677,41,2,4460.610000000001,13,4,Germany,2230.3050000000003,2,0,Potential Loyalists
C10679,149,2,24396.660000000003,25,7,United Kingdom,12198.330000000002,2,1,At-Risk Customers
C10683,139,2,17322.16,23,7,United Kingdom,8661.08,2,1,At-Risk Customers
C10684,76,2,116064.96000000002,52,2,United Kingdom,58032.48000000001,2,3,Champions
C10686,99,2,12571.329999999998,16,4,United Kingdom,6285.664999999999,2,1,At-Risk Customers
C10687,11,2,24633.129999999997,25,5,India,12316.564999999999,2,0,Potential Loyalists
C10688,161,2,9695.630000000001,11,4,United Kingdom,4847.8150000000005,2,1,At-Risk Customers
C10689,117,3,11400.2,18,6,United Kingdom,3800.066666666667,3,3,Champions
C10690,22,3,18387.940000000002,25,9,India,6129.313333333334,3,3,Champions
C10692,299,1,4960.32,14,2,United Kingdom,4960.32,1,2,Inactive / Lost
C10696,143,5,34978.41,47,14,India,6995.682000000001,5,3,Champions
C10697,148,1,11496.880000000001,24,3,India,11496.880000000001,1,1,At-Risk Customers
C10698,128,1,1071.48,6,2,Portugal,1071.48,1,2,Inactive / Lost
C10699,184,1,2450.29,3,3,United Kingdom,2450.29,1,2,Inactive / Lost
C10701,163,2,6678.049999999999,28,5,India,3339.0249999999996,2,1,At-Risk Customers
C10703,15,2,15175.39,18,6,EIRE,7587.695,2,0,Potential Loyalists
C10704,48,3,8348.35,9,4,United Kingdom,2782.7833333333333,3,3,Champions
C10705,48,2,26828.41,28,8,United Kingdom,13414.205,2,3,Champions
C10708,227,1,6731.86,10,4,United Kingdom,6731.86,1,1,At-Risk Customers
C10709,30,3,29757.68,38,11,United Kingdom,9919.226666666667,3,3,Champions
C10710,21,4,51428.100000000006,52,11,United Kingdom,12857.025000000001,4,3,Champions
C10711,275,2,4705.72,8,5,India,2352.86,2,1,At-Risk Customers
C10712,229,1,1390.17,1,1,India,1390.17,1,2,Inactive / Lost
C10715,128,2,4807.2699999999995,7,4,United Kingdom,2403.6349999999998,2,1,At-Risk Customers
C10716,136,1,5683.76,4,1,United Kingdom,5683.76,1,2,Inactive / Lost
C10717,44,1,2634.8,6,2,United Kingdom,2634.8,1,2,Inactive / Lost
C10720,70,3,14105.25,21,10,United Kingdom,4701.75,3,3,Champions
C10721,117,1,8297.21,5,3,United Kingdom,8297.21,1,1,At-Risk Customers
C10722,235,2,50076.1,38,11,Australia,25038.05,2,1,At-Risk Customers
C10724,181,1,9316.59,8,4,United Kingdom,9316.59,1,1,At-Risk Customers
C10725,63,7,58475.82,83,16,Australia,8353.68857142857,7,3,Champions
C10726,78,3,6869.4,15,7,Singapore,2289.7999999999997,3,3,Champions
C10727,9,2,29786.26,43,9,India,14893.13,2,0,Potential Loyalists
C10732,113,1,5970.639999999999,10,4,India,5970.639999999999,1,1,At-Risk Customers
C10733,274,1,17340.149999999998,27,7,Spain,17340.149999999998,1,1,At-Risk Customers
C10734,71,3,11988.82,24,10,United Kingdom,3996.273333333333,3,3,Champions
C10735,40,3,24111.4,44,9,India,8037.133333333334,3,3,Champions
C10736,124,3,17749.75,21,8,India,5916.583333333333,3,3,Champions
C10737,146,1,10328.740000000002,14,7,United Kingdom,10328.740000000002,1,1,At-Risk Customers
C10738,22,4,24838.989999999998,44,12,United Kingdom,6209.7474999999995,4,3,Champions
C10739,70,5,53240.09,60,15,United Kingdom,10648.018,5,3,Champions
C10740,141,1,8313.900000000001,18,2,United Kingdom,8313.900000000001,1,1,At-Risk Customers
C10741,117,1,11286.86,14,3,India,11286.86,1,1,At-Risk Customers
C10742,227,1,7221.88,14,4,EIRE,7221.88,1,1,At-Risk Customers
C10743,170,1,1363.08,4,1,United Kingdom,1363.08,1,2,Inactive / Lost
C10744,124,4,20528.29,20,6,India,5132.0725,4,3,Champions
C10745,44,1,17365.39,20,6,United Kingdom,17365.39,1,1,At-Risk Customers
C10747,34,2,5699.16,5,3,France,2849.58,2,0,Potential Loyalists
C10748,51,2,9813.66,9,3,United Kingdom,4906.83,2,1,At-Risk Customers
C10749,189,2,2888.2,4,3,United Kingdom,1444.1,2,2,Inactive / Lost
C10751,63,2,7467.97,12,6,United Kingdom,3733.985,2,1,At-Risk Customers
C10752,33,3,12936.69,20,8,Canada,4312.2300000000005,3,3,Champions
C10754,1,1,5791.58,6,2,United Kingdom,5791.58,1,0,Potential Loyalists
C10755,27,3,13405.66,15,5,Canada,4468.553333333333,3,3,Champions
C10756,167,2,1544.13,3,3,India,772.065,2,2,Inactive / Lost
C10757,64,2,15159.38,25,7,United Kingdom,7579.69,2,1,At-Risk Customers
C10758,20,2,18665.01,30,10,United Kingdom,9332.505,2,0,Potential Loyalists
C10759,158,2,1782.79,5,2,United Kingdom,891.395,2,2,Inactive / Lost
C10760,109,3,36346.97,61,11,United Kingdom,12115.656666666668,3,3,Champions
C10761,76,3,20364.72,33,9,Germany,6788.240000000001,3,3,Champions
C10762,161,1,3509.8,10,1,India,3509.8,1,2,Inactive / Lost
C10763,313,1,3308.3100000000004,6,3,Germany,3308.3100000000004,1,2,Inactive / Lost
C10764,108,2,7635.92,19,7,United Kingdom,3817.96,2,1,At-Risk Customers
C10765,25,2,4027.15,8,6,United Kingdom,2013.575,2,0,Potential Loyalists
C10766,206,1,4945.45,9,3,Spain,4945.45,1,2,Inactive / Lost
C10767,230,1,991.4,1,1,United Kingdom,991.4,1,2,Inactive / Lost
C10768,230,2,22047.12,18,5,India,11023.56,2,1,At-Risk Customers
C10769,59,2,19793.82,20,4,United Kingdom,9896.91,2,1,At-Risk Customers
C10770,127,4,26441.8,38,13,Canada,6610.45,4,3,Champions
C10771,252,1,18152.49,27,8,India,18152.49,1,1,At-Risk Customers
C10772,225,1,151.94,1,1,United Kingdom,151.94,1,2,Inactive / Lost
C10773,123,4,37697.55,42,11,United Kingdom,9424.3875,4,3,Champions
C10774,184,1,7397.5,6,2,United Kingdom,7397.5,1,1,At-Risk Customers
C10775,45,3,14303.2,31,7,United Kingdom,4767.733333333334,3,3,Champions
C10776,29,3,33181.97,45,10,United Kingdom,11060.656666666668,3,3,Champions
C10777,168,3,31554.68,25,9,Singapore,10518.226666666667,3,3,Champions
C10778,66,2,29351.39,23,7,Spain,14675.695,2,3,Champions
C10779,39,1,1168.18,2,1,United Kingdom,1168.18,1,2,Inactive / Lost
C10780,40,2,8358.33,9,4,United Kingdom,4179.165,2,0,Potential Loyalists
C10781,273,2,7072.74,7,4,EIRE,3536.37,2,1,At-Risk Customers
C10783,25,4,47664.98,33,12,Germany,11916.245,4,3,Champions
C10785,266,1,3823.0199999999995,8,4,United Kingdom,3823.0199999999995,1,2,Inactive / Lost
C10786,61,4,3681.21,10,6,EIRE,920.3025,4,3,Champions
C10787,37,1,7091.83,15,3,Canada,7091.83,1,0,Potential Loyalists
C10788,167,1,1420.62,6,2,United Kingdom,1420.62,1,2,Inactive / Lost
C10789,46,3,19457.11,22,7,United Kingdom,6485.703333333334,3,3,Champions
C10790,19,2,12404.24,18,3,United Kingdom,6202.12,2,0,Potential Loyalists
C10791,15,2,14541.599999999999,12,6,Spain,7270.799999999999,2,0,Potential Loyalists
C10792,84,6,17808.83,49,11,United Kingdom,2968.138333333334,6,3,Champions
C10793,101,3,13786.800000000001,23,6,Netherlands,4595.6,3,3,Champions
C10794,164,2,11945.6,13,5,Netherlands,5972.8,2,1,At-Risk Customers
C10795,36,2,9071.880000000001,29,6,United Kingdom,4535.9400000000005,2,0,Potential Loyalists
C10797,211,1,1971.32,3,2,United Kingdom,1971.32,1,2,Inactive / Lost
C10799,194,2,4674.95,13,4,United Kingdom,2337.475,2,1,At-Risk Customers
C10800,149,2,5814.51,7,4,EIRE,2907.255,2,1,At-Risk Customers
C10802,122,1,9229.61,9,4,United Kingdom,9229.61,1,1,At-Risk Customers
C10803,25,1,4509.68,8,4,India,4509.68,1,0,Potential Loyalists
C10804,73,5,22316.41,35,13,Singapore,4463.282,5,3,Champions
C10807,298,1,666.6,2,2,United Kingdom,666.6,1,2,Inactive / Lost
C10808,15,2,15029.73,20,6,United Kingdom,7514.865,2,0,Potential Loyalists
C10809,136,1,2158.29,5,3,United Kingdom,2158.29,1,2,Inactive / Lost
C10812,170,1,383.72,1,1,United Kingdom,383.72,1,2,Inactive / Lost
C10813,106,3,33984.47,35,13,United Kingdom,11328.156666666668,3,3,Champions
C10814,226,1,4451.67,6,3,India,4451.67,1,2,Inactive / Lost
C10815,185,1,19713.12,12,1,United Kingdom,19713.12,1,1,At-Risk Customers
C10816,40,2,5197.49,12,6,United Kingdom,2598.745,2,0,Potential Loyalists
C10818,285,1,20491.56,18,3,United Kingdom,20491.56,1,1,At-Risk Customers
C10819,197,2,9865.78,6,3,Germany,4932.89,2,1,At-Risk Customers
C10821,22,6,45211.340000000004,67,13,France,7535.223333333334,6,3,Champions
C10822,225,2,16049.630000000001,17,7,United Kingdom,8024.8150000000005,2,1,At-Risk Customers
C10823,39,5,7499.65,17,6,India,1499.9299999999998,5,3,Champions
C10824,77,1,3268.62,9,2,EIRE,3268.62,1,2,Inactive / Lost
C10825,138,3,8709.2,14,6,Canada,2903.066666666667,3,3,Champions
C10826,315,1,13172.41,13,4,United Kingdom,13172.41,1,1,At-Risk Customers
C10827,2,1,1577.38,4,2,United Kingdom,1577.38,1,0,Potential Loyalists
C10828,59,3,12613.31,13,4,United Kingdom,4204.4366666666665,3,3,Champions
C10830,21,1,5008.52,21,2,Netherlands,5008.52,1,0,Potential Loyalists
C10831,271,2,6124.18,10,4,Netherlands,3062.09,2,1,At-Risk Customers
C10832,101,1,2247.3999999999996,6,2,United Kingdom,2247.3999999999996,1,2,Inactive / Lost
C10833,9,3,10581.6,11,4,United Kingdom,3527.2000000000003,3,0,Potential Loyalists
C10834,95,2,889.74,5,2,United Kingdom,444.87,2,2,Inactive / Lost
C10835,318,1,15000.61,28,6,Germany,15000.61,1,1,At-Risk Customers
C10837,82,3,30895.86,24,10,India,10298.62,3,3,Champions
C10838,202,1,7383.76,13,7,United Kingdom,7383.76,1,1,At-Risk Customers
C10839,53,2,2609.81,13,4,United Kingdom,1304.905,2,2,Inactive / Lost
C10840,166,1,5039.34,6,1,Australia,5039.34,1,2,Inactive / Lost
C10842,122,4,24155.04,26,11,India,6038.76,4,3,Champions
C10843,251,1,606.55,1,1,India,606.55,1,2,Inactive / Lost
C10844,48,3,30327.96,52,10,EIRE,10109.32,3,3,Champions
C10845,267,2,18520.739999999998,32,5,EIRE,9260.369999999999,2,1,At-Risk Customers
C10846,9,2,33143.27,22,6,EIRE,16571.635,2,0,Potential Loyalists
C10847,163,1,3056.76,2,1,United Kingdom,3056.76,1,2,Inactive / Lost
C10850,113,3,16796.48,32,10,Germany,5598.826666666667,3,3,Champions
